{
  "formatVersion": 1,
  "database": {
    "version": 3,
    "identityHash": "2f02030a5f33ca2aeb2b3cb1d3451b4d",
    "entities": [
      {
        "tableName": "Student",
        "createSql": "CREATE TABLE IF NOT EXISTS `${TABLE_NAME}` (`studentId` INTEGER NOT NULL, `name` TEXT NOT NULL, `univId` INTEGER NOT NULL, `isGraduate` INTEGER DEFAULT false, PRIMARY KEY(`studentId`))",
        "fields": [
          {
            "fieldPath": "studentId",
            "columnName": "studentId",
            "affinity": "INTEGER",
            "notNull": true
          },
          {
            "fieldPath": "name",
            "columnName": "name",
            "affinity": "TEXT",
            "notNull": true
          },
          {
            "fieldPath": "univId",
            "columnName": "univId",
            "affinity": "INTEGER",
            "notNull": true
          },
          {
            "fieldPath": "isGraduate",
            "columnName": "isGraduate",
            "affinity": "INTEGER",
            "notNull": false,
            "defaultValue": "false"
          }
        ],
        "primaryKey": {
          "columnNames": [
            "studentId"
          ],
          "autoGenerate": false
        },
        "indices": [],
        "foreignKeys": []
      },
      {
        "tableName": "University",
        "createSql": "CREATE TABLE IF NOT EXISTS `${TABLE_NAME}` (`universityId` INTEGER NOT NULL, `name` TEXT NOT NULL, PRIMARY KEY(`universityId`))",
        "fields": [
          {
            "fieldPath": "universityId",
            "columnName": "universityId",
            "affinity": "INTEGER",
            "notNull": true
          },
          {
            "fieldPath": "name",
            "columnName": "name",
            "affinity": "TEXT",
            "notNull": true
          }
        ],
        "primaryKey": {
          "columnNames": [
            "universityId"
          ],
          "autoGenerate": false
        },
        "indices": [],
        "foreignKeys": []
      },
      {
        "tableName": "Course",
        "createSql": "CREATE TABLE IF NOT EXISTS `${TABLE_NAME}` (`courseId` INTEGER NOT NULL, `name` TEXT NOT NULL, PRIMARY KEY(`courseId`))",
        "fields": [
          {
            "fieldPath": "courseId",
            "columnName": "courseId",
            "affinity": "INTEGER",
            "notNull": true
          },
          {
            "fieldPath": "name",
            "columnName": "name",
            "affinity": "TEXT",
            "notNull": true
          }
        ],
        "primaryKey": {
          "columnNames": [
            "courseId"
          ],
          "autoGenerate": false
        },
        "indices": [],
        "foreignKeys": []
      },
      {
        "tableName": "CourseStudentCrossRef",
        "createSql": "CREATE TABLE IF NOT EXISTS `${TABLE_NAME}` (`sId` INTEGER NOT NULL, `cId` INTEGER NOT NULL, PRIMARY KEY(`sId`, `cId`))",
        "fields": [
          {
            "fieldPath": "sId",
            "columnName": "sId",
            "affinity": "INTEGER",
            "notNull": true
          },
          {
            "fieldPath": "cId",
            "columnName": "cId",
            "affinity": "INTEGER",
            "notNull": true
          }
        ],
        "primaryKey": {
          "columnNames": [
            "sId",
            "cId"
          ],
          "autoGenerate": false
        },
        "indices": [
          {
            "name": "index_CourseStudentCrossRef_cId",
            "unique": false,
            "columnNames": [
              "cId"
            ],
            "orders": [],
            "createSql": "CREATE INDEX IF NOT EXISTS `index_CourseStudentCrossRef_cId` ON `${TABLE_NAME}` (`cId`)"
          }
        ],
        "foreignKeys": []
      }
    ],
    "views": [],
    "setupQueries": [
      "CREATE TABLE IF NOT EXISTS room_master_table (id INTEGER PRIMARY KEY,identity_hash TEXT)",
      "INSERT OR REPLACE INTO room_master_table (id,identity_hash) VALUES(42, '2f02030a5f33ca2aeb2b3cb1d3451b4d')"
    ]
  }
}